<?xml version="1.0" encoding="UTF-8"?>
<!DOCTYPE configuration PUBLIC "-//mybatis.org//DTD Config 3.0//EN" "http://mybatis.org/dtd/mybatis-3-config.dtd" >
<configuration>

    <settings>
        <setting name="jdbcTypeForNull" value="NULL"/>
        <setting name="logImpl" value="LOG4J"/>
        <setting name="mapUnderscoreToCamelCase" value="false"/>
            <setting name="logImpl" value="LOG4J2" />
            <setting name="logPrefix" value="mybatis." />
            <setting name="logLevel" value="DEBUG" />
    </settings>

    <typeAliases>
        <package name="com.kh.hellomentor"/>
    </typeAliases>
</configuration>